{"name":"jpackage","version":"1.0.5","description":"Installs/Configures jpackage","long_description":"# jpackage Cookbook\n[![Build Status](https://travis-ci.org/chef-cookbooks/jpackage.svg?branch=master)](http://travis-ci.org/chef-cookbooks/jpackage) [![Cookbook Version](https://img.shields.io/cookbook/v/jpackage.svg)](https://supermarket.chef.io/cookbooks/jpackage)\n\nConfigures and installs JPackage.  Used to install Java-related packages on Red Hat flavored linuxes\n\nThe JPackage Project has two primary goals:\n- To provide a coherent set of Java software packages for Linux, satisfying all quality requirements of other applications.\n- To establish an efficient and robust policy for Java software packaging and installation.\n\n# Deprecation Notice\nThe jpackage repository project has not been updated since late 2009. Due to the stale nature of the packages in the repository this cookbook is considered deprecated. No further work will take place on this cookbook.\n\n## Requirements\n### Platforms\n- RHEL/CentOS/Scientific/Amazon/Oracle\n- Fedora\n\n### Chef\n- Chef 11+\n\n### Cookbooks\n- java\n\n## Attributes\n- `node[\"jpackage\"][\"version\"]` - The JPackage version to install, default \"5.0\".\n\n## Usage\nSimply include the recipe where you want JPackage installed.\n\n## License & Authors\n**Author:** Cookbook Engineering Team ([cookbooks@chef.io](mailto:cookbooks@chef.io))\n\n**Copyright:** 2010-2015, Chef Software, Inc.\n\n```\nLicensed under the Apache License, Version 2.0 (the \"License\");\nyou may not use this file except in compliance with the License.\nYou may obtain a copy of the License at\n\n    http://www.apache.org/licenses/LICENSE-2.0\n\nUnless required by applicable law or agreed to in writing, software\ndistributed under the License is distributed on an \"AS IS\" BASIS,\nWITHOUT WARRANTIES OR CONDITIONS OF ANY KIND, either express or implied.\nSee the License for the specific language governing permissions and\nlimitations under the License.\n```\n","maintainer":"Chef Software, Inc.","maintainer_email":"cookbooks@chef.io","license":"Apache 2.0","platforms":{"centos":">= 0.0.0","redhat":">= 0.0.0","scientific":">= 0.0.0","oracle":">= 0.0.0","amazon":">= 0.0.0","fedora":">= 0.0.0"},"dependencies":{"java":">= 0.0.0"},"recommendations":{},"suggestions":{},"conflicting":{},"providing":{},"replacing":{},"attributes":{},"groupings":{},"recipes":{"jpackage::default":"Installs and configures jpackage"}}