{
  "name": "tomcat7",
  "description": "Installs/Configures Tomcat",
  "long_description": "tomcat Cookbook\n===============\nThis is a simple rehashing of the tomcat cookbook taking out a lot of the complicated things that don't work and aren't needed\nto make a simple deploy and a simple configuration with some new configuration options via libraries and valves.\n\nRequirements\n------------\nYum Based Linux (RHEL, Centos, Fedora, Amazon)\n\n#### Packages\nOpenJDK-1.7.0\nTomcat7\n\nAttributes\n----------\n\n#### tomcat::default\n<table>\n  <tr>\n    <th>Key</th>\n    <th>Type</th>\n    <th>Description</th>\n    <th>Default</th>\n  </tr>\n  <tr>\n    <td><tt>['tomcat']['port']</tt></td>\n    <td>Int</td>\n    <td>What port for tomcat to listen on</td>\n    <td><tt>8080</tt></td>\n  </tr>\n  <tr>\n    <td><tt>['tomcat']['proxy_port']</tt></td>\n    <td>Int</td>\n    <td>Tomcat Proxy Port</td>\n    <td><tt>nil</tt></td>\n  </tr>\n  <tr>\n    <td><tt>['tomcat']['max_threads']</tt></td>\n    <td>Int</td>\n    <td>Tomcat's Max Threads</td>\n    <td><tt>nil</tt></td>\n  </tr>\n  <tr>\n    <td><tt>['tomcat']['ssl_proxy_port']</tt></td>\n    <td>Int</td>\n    <td>Tomcat's SSL Proxy Port</td>\n    <td><tt>nil</tt></td>\n  </tr>\n  <tr>\n    <td><tt>['tomcat']['catalina_options']</tt></td>\n    <td>String</td>\n    <td>Tomcat's Catalina Options</td>\n    <td><tt></tt></td>\n  </tr>\n  <tr>\n    <td><tt>['tomcat']['java_options']</tt></td>\n    <td>String</td>\n    <td>Options to the JVM</td>\n    <td><tt>-Xmx128M -Djava.awt.headless=true</tt></td>\n  </tr>\n  <tr>\n    <td><tt>['tomcat']['nexus']</tt></td>\n    <td>String</td>\n    <td>URL of Nexus Server</td>\n    <td><tt></tt></td>\n  </tr>\n  <tr>\n    <td><tt>['tomcat']['extras']['jmx']</tt></td>\n    <td>Boolean</td>\n    <td>Add the JMX Jar to the tomcat bin</td>\n    <td><tt>True</tt></td>\n  </tr>\n  <tr>\n    <td><tt>['tomcat']['extras']['web']</tt></td>\n    <td>Boolean</td>\n    <td>Add the Web Services Jar to the tomcat bin</td>\n    <td><tt>True</tt></td>\n  </tr>\n  <tr>\n    <td><tt>['tomcat']['extras']['juli']</tt></td>\n    <td>Boolean</td>\n    <td>Add the Tomcat Juli to the tomcat bin</td>\n    <td><tt>True</tt></td>\n  </tr>\n  <tr>\n    <td><tt>['tomcat']['extras']['log4j']</tt></td>\n    <td>Boolean</td>\n    <td>Add the Juli adapter for log4j to the tomcat bin</td>\n    <td><tt>True</tt></td>\n  </tr>\n  <tr>\n    <td><tt>['tomcat']['valves']</tt></td>\n    <td>List</td>\n    <td>A list of Hashes describing valves to put into the server.xml</td>\n    <td></td>\n  </tr>\n  <tr>\n    <td><tt>['tomcat']['libs']</tt></td>\n    <td>List</td>\n    <td>A list of Hashes describing artifacts to retreive from Nexus for the Tomcat lib directory</td>\n    <td></td>\n  </tr>\n</table>\n\nUsage\n-----\n#### tomcat::default\n\ne.g.\nJust include `tomcat` in your node's `run_list`:\n\n:\n\n\n```json\n{\n  \"name\":\"my_node\",\n  \"run_list\": [\n    \"recipe[tomcat]\"\n  ]\n}\n```\n\nContributing\n------------\nTODO: (optional) If this is a public cookbook, detail the process for contributing. If this is a private cookbook, remove this section.\n\ne.g.\n1. Fork the repository on Github\n2. Create a named feature branch (like `add_component_x`)\n3. Write your change\n4. Write tests for your change (if applicable)\n5. Run the tests, ensuring they all pass\n6. Submit a Pull Request using Github\n\nLicense and Authors\n-------------------\nAuthors: Stephen Carman (scarman@coldlight.com)\n",
  "maintainer": "Stephen Carman",
  "maintainer_email": "scarman@coldlight.com",
  "license": "Apache 2.0",
  "platforms": {
    "redhat": ">= 0.0.0",
    "centos": ">= 0.0.0",
    "amazon": ">= 0.0.0",
    "fedora": ">= 0.0.0"
  },
  "dependencies": {
    "java": ">= 0.0.0"
  },
  "recommendations": {

  },
  "suggestions": {

  },
  "conflicting": {

  },
  "providing": {

  },
  "replacing": {

  },
  "attributes": {

  },
  "groupings": {

  },
  "recipes": {

  },
  "version": "0.1.2"
}
