{"name":"apache2","maintainer":"svanzoest","description":"Installs and configures all aspects of apache2 using Debian style symlinks with helper definitions","category":"Other","latest_version":"https://supermarket.chef.io/api/v1/cookbooks/apache2/versions/3.2.2","external_url":"https://github.com/svanzoest-cookbooks/apache2/","source_url":"https://github.com/svanzoest-cookbooks/apache2/","issues_url":"https://github.com/svanzoest-cookbooks/apache2/issues","average_rating":null,"created_at":"2009-10-25T23:47:55.000Z","updated_at":"2016-04-14T01:23:22.682Z","up_for_adoption":null,"deprecated":false,"foodcritic_failure":true,"versions":["https://supermarket.chef.io/api/v1/cookbooks/apache2/versions/3.2.2","https://supermarket.chef.io/api/v1/cookbooks/apache2/versions/3.2.1","https://supermarket.chef.io/api/v1/cookbooks/apache2/versions/3.2.0","https://supermarket.chef.io/api/v1/cookbooks/apache2/versions/3.1.0","https://supermarket.chef.io/api/v1/cookbooks/apache2/versions/3.0.1","https://supermarket.chef.io/api/v1/cookbooks/apache2/versions/3.0.0","https://supermarket.chef.io/api/v1/cookbooks/apache2/versions/2.0.0","https://supermarket.chef.io/api/v1/cookbooks/apache2/versions/1.11.0","https://supermarket.chef.io/api/v1/cookbooks/apache2/versions/1.10.5","https://supermarket.chef.io/api/v1/cookbooks/apache2/versions/1.10.4","https://supermarket.chef.io/api/v1/cookbooks/apache2/versions/1.10.2","https://supermarket.chef.io/api/v1/cookbooks/apache2/versions/1.10.0","https://supermarket.chef.io/api/v1/cookbooks/apache2/versions/1.9.6","https://supermarket.chef.io/api/v1/cookbooks/apache2/versions/1.9.4","https://supermarket.chef.io/api/v1/cookbooks/apache2/versions/1.9.1","https://supermarket.chef.io/api/v1/cookbooks/apache2/versions/1.9.0","https://supermarket.chef.io/api/v1/cookbooks/apache2/versions/1.8.14","https://supermarket.chef.io/api/v1/cookbooks/apache2/versions/1.8.12","https://supermarket.chef.io/api/v1/cookbooks/apache2/versions/1.8.10","https://supermarket.chef.io/api/v1/cookbooks/apache2/versions/1.8.8","https://supermarket.chef.io/api/v1/cookbooks/apache2/versions/1.8.6","https://supermarket.chef.io/api/v1/cookbooks/apache2/versions/1.8.4","https://supermarket.chef.io/api/v1/cookbooks/apache2/versions/1.8.2","https://supermarket.chef.io/api/v1/cookbooks/apache2/versions/1.8.0","https://supermarket.chef.io/api/v1/cookbooks/apache2/versions/1.7.0","https://supermarket.chef.io/api/v1/cookbooks/apache2/versions/1.6.6","https://supermarket.chef.io/api/v1/cookbooks/apache2/versions/1.6.2","https://supermarket.chef.io/api/v1/cookbooks/apache2/versions/1.6.0","https://supermarket.chef.io/api/v1/cookbooks/apache2/versions/1.5.0","https://supermarket.chef.io/api/v1/cookbooks/apache2/versions/1.4.2","https://supermarket.chef.io/api/v1/cookbooks/apache2/versions/1.4.0","https://supermarket.chef.io/api/v1/cookbooks/apache2/versions/1.3.2","https://supermarket.chef.io/api/v1/cookbooks/apache2/versions/1.3.0","https://supermarket.chef.io/api/v1/cookbooks/apache2/versions/1.2.0","https://supermarket.chef.io/api/v1/cookbooks/apache2/versions/1.1.16","https://supermarket.chef.io/api/v1/cookbooks/apache2/versions/1.1.12","https://supermarket.chef.io/api/v1/cookbooks/apache2/versions/1.1.10","https://supermarket.chef.io/api/v1/cookbooks/apache2/versions/1.1.8","https://supermarket.chef.io/api/v1/cookbooks/apache2/versions/1.1.6","https://supermarket.chef.io/api/v1/cookbooks/apache2/versions/1.1.4","https://supermarket.chef.io/api/v1/cookbooks/apache2/versions/1.1.2","https://supermarket.chef.io/api/v1/cookbooks/apache2/versions/1.1.0","https://supermarket.chef.io/api/v1/cookbooks/apache2/versions/1.0.8","https://supermarket.chef.io/api/v1/cookbooks/apache2/versions/1.0.6","https://supermarket.chef.io/api/v1/cookbooks/apache2/versions/1.0.4","https://supermarket.chef.io/api/v1/cookbooks/apache2/versions/1.0.2","https://supermarket.chef.io/api/v1/cookbooks/apache2/versions/1.0.0","https://supermarket.chef.io/api/v1/cookbooks/apache2/versions/0.99.4","https://supermarket.chef.io/api/v1/cookbooks/apache2/versions/0.99.3","https://supermarket.chef.io/api/v1/cookbooks/apache2/versions/0.99.2","https://supermarket.chef.io/api/v1/cookbooks/apache2/versions/0.99.1","https://supermarket.chef.io/api/v1/cookbooks/apache2/versions/0.99.0","https://supermarket.chef.io/api/v1/cookbooks/apache2/versions/0.12.3","https://supermarket.chef.io/api/v1/cookbooks/apache2/versions/0.12.2","https://supermarket.chef.io/api/v1/cookbooks/apache2/versions/0.12.1","https://supermarket.chef.io/api/v1/cookbooks/apache2/versions/0.12.0","https://supermarket.chef.io/api/v1/cookbooks/apache2/versions/0.11.0","https://supermarket.chef.io/api/v1/cookbooks/apache2/versions/0.10.1","https://supermarket.chef.io/api/v1/cookbooks/apache2/versions/0.10.0","https://supermarket.chef.io/api/v1/cookbooks/apache2/versions/0.9.1"],"metrics":{"downloads":{"total":70068422,"versions":{"3.0.0":681025,"0.11.0":1256682,"3.0.1":790350,"3.2.0":36151,"3.2.2":85668,"3.2.1":31090,"3.1.0":1308875,"1.1.10":1238056,"1.2.0":1257033,"0.10.0":1256672,"1.5.0":1156715,"0.10.1":1256772,"1.0.0":1257176,"0.12.3":1256858,"1.0.8":1257965,"0.99.1":1256716,"1.9.0":1259637,"0.99.0":1256696,"1.10.2":1257325,"0.99.2":1256834,"1.8.4":1331224,"0.12.1":1256710,"1.6.6":1089421,"1.0.6":1256699,"1.8.14":1131714,"1.11.0":1259451,"1.8.12":1256624,"0.99.4":1256747,"1.6.2":1156996,"0.99.3":1256828,"1.7.0":1082639,"1.10.0":1257086,"1.9.6":1244544,"1.4.0":1257836,"1.3.0":1257290,"1.10.5":1232505,"2.0.0":1145926,"1.1.0":1256873,"1.0.2":1256838,"1.8.2":1256642,"0.9.1":1256834,"1.8.8":1256598,"1.6.0":1257706,"1.9.1":1256761,"1.10.4":1272405,"1.9.4":1256620,"1.8.0":1256658,"1.3.2":1257081,"1.8.6":1256589,"1.8.10":1256585,"1.4.2":1257056,"1.1.12":1257333,"1.0.4":1256744,"1.1.2":1256862,"1.1.6":1256872,"1.1.4":1256852,"1.1.16":1257427,"1.1.8":1257174,"0.12.2":1256710,"0.12.0":1256667}},"followers":511}}