{"name":"yum-mysql-community","version":"0.2.0","description":"Installs/Configures yum-mysql-community","long_description":"","maintainer":"Chef Software, Inc.","maintainer_email":"cookbooks@chef.io","license":"Apache 2.0","platforms":{"amazon":">= 0.0.0","centos":">= 0.0.0","fedora":">= 0.0.0","oracle":">= 0.0.0","redhat":">= 0.0.0","scientific":">= 0.0.0"},"dependencies":{"yum":">= 3.2"},"recommendations":{},"suggestions":{},"conflicting":{},"providing":{},"replacing":{},"attributes":{},"groupings":{},"recipes":{}}